1,020205e+02;6,109380e+02
1,039490e+02;5,869614e+02
1,058774e+02;5,978173e+02
1,078059e+02;6,369695e+02
1,097344e+02;7,131482e+02
1,116628e+02;8,057176e+02
1,135913e+02;9,021416e+02
1,155198e+02;1,010257e+03
1,174482e+02;1,021399e+03
1,193767e+02;8,789716e+02
1,213052e+02;7,128450e+02
1,232336e+02;5,556101e+02
1,251621e+02;4,193680e+02
1,270906e+02;3,313158e+02
1,290190e+02;2,922440e+02
1,309475e+02;2,662084e+02
1,328760e+02;2,534221e+02
1,348044e+02;2,470190e+02
1,367329e+02;2,457168e+02
1,386614e+02;2,477290e+02
1,405898e+02;2,500078e+02
1,425183e+02;2,525128e+02
1,444468e+02;2,569949e+02
1,463752e+02;2,636704e+02
1,483037e+02;2,726370e+02
1,502322e+02;2,826053e+02
1,521606e+02;2,952094e+02
1,540891e+02;3,162547e+02
1,560176e+02;3,448954e+02
1,579460e+02;3,655366e+02
1,598745e+02;3,754292e+02
1,618030e+02;3,776930e+02
1,637314e+02;3,693751e+02
1,656599e+02;3,572282e+02
1,675884e+02;3,493402e+02
1,695168e+02;3,453521e+02
1,714453e+02;3,436689e+02
1,733738e+02;3,452657e+02
1,753022e+02;3,469318e+02
1,772307e+02;3,454385e+02
1,791592e+02;3,452709e+02
1,810876e+02;3,501111e+02
1,830161e+02;3,601432e+02
1,849446e+02;3,770458e+02
1,868730e+02;4,033764e+02
1,888015e+02;4,304752e+02
1,907300e+02;4,560346e+02
1,926584e+02;4,816983e+02
1,945869e+02;5,182755e+02
1,965154e+02;5,550134e+02
1,984438e+02;5,597355e+02
2,003723e+02;5,233359e+02
2,023008e+02;4,858015e+02
2,042292e+02;4,499307e+02
2,061577e+02;4,207963e+02
2,080862e+02;3,988709e+02
2,100146e+02;3,871909e+02
2,119431e+02;3,910898e+02
2,138716e+02;4,121408e+02
2,158000e+02;4,324713e+02
2,177285e+02;4,436766e+02
2,196570e+02;4,607986e+02
2,215854e+02;4,977579e+02
2,235139e+02;5,372750e+02
2,254424e+02;5,612068e+02
2,273708e+02;5,699833e+02
2,292993e+02;5,610165e+02
2,312278e+02;5,244683e+02
2,331562e+02;4,833737e+02
2,350847e+02;4,373963e+02
2,370132e+02;3,914830e+02
2,389417e+02;3,482278e+02
2,408701e+02;3,083153e+02
2,427986e+02;2,736971e+02
2,447271e+02;2,432031e+02
2,466555e+02;2,229599e+02
2,485840e+02;2,169945e+02
2,505125e+02;2,160442e+02
2,524409e+02;2,206136e+02
2,543694e+02;2,252533e+02
2,562979e+02;2,219498e+02
2,582263e+02;2,099093e+02
2,601548e+02;2,008485e+02
2,620833e+02;1,963365e+02
2,640117e+02;1,937568e+02
2,659402e+02;1,908689e+02
2,678687e+02;1,914986e+02
2,697971e+02;1,976361e+02
2,717256e+02;2,094249e+02
2,736541e+02;2,289757e+02
2,755825e+02;2,625856e+02
2,775110e+02;2,905705e+02
2,794395e+02;3,159686e+02
2,813679e+02;3,316298e+02
2,832964e+02;3,260150e+02
2,852249e+02;3,141931e+02
2,871533e+02;3,125436e+02
2,890818e+02;3,216588e+02
2,910103e+02;3,344214e+02
2,929387e+02;3,554822e+02
2,948672e+02;3,727901e+02
2,967957e+02;3,832288e+02
2,987241e+02;3,913529e+02
3,006526e+02;3,989094e+02
3,025811e+02;4,064578e+02
3,045095e+02;4,151303e+02
3,064380e+02;4,248965e+02
3,083665e+02;4,367439e+02
3,102949e+02;4,595648e+02
3,122234e+02;4,691789e+02
3,141519e+02;4,558813e+02
3,160803e+02;4,284545e+02
3,180088e+02;3,896813e+02
3,199373e+02;3,428479e+02
3,218657e+02;3,004057e+02
3,237942e+02;2,597159e+02
3,257227e+02;2,328824e+02
3,276511e+02;2,236002e+02
3,295796e+02;2,219800e+02
3,315081e+02;2,261268e+02
3,334365e+02;2,345980e+02
3,353650e+02;2,497621e+02
3,372935e+02;2,695848e+02
3,392219e+02;2,782426e+02
3,411504e+02;2,725628e+02
3,430789e+02;2,687769e+02
3,450073e+02;2,714779e+02
3,469358e+02;2,707213e+02
3,488643e+02;2,592053e+02
3,507927e+02;2,442656e+02
3,527212e+02;2,319116e+02
3,546497e+02;2,220667e+02
3,565781e+02;2,143414e+02
3,585066e+02;2,089287e+02
3,604351e+02;2,041400e+02
3,623635e+02;2,008867e+02
3,642920e+02;1,960356e+02
3,662205e+02;1,871574e+02
3,681489e+02;1,769401e+02
3,700774e+02;1,676354e+02
3,720059e+02;1,591973e+02
3,739343e+02;1,499695e+02
3,758628e+02;1,386685e+02
3,777913e+02;1,362578e+02
3,797197e+02;1,475371e+02
3,816482e+02;1,618715e+02
3,835767e+02;1,737509e+02
3,855051e+02;1,876953e+02
3,874336e+02;2,054362e+02
3,893621e+02;2,284242e+02
3,912905e+02;2,641291e+02
3,932190e+02;3,124752e+02
3,951475e+02;3,651166e+02
3,970759e+02;4,329600e+02
3,990044e+02;4,755155e+02
4,009329e+02;4,768875e+02
4,028613e+02;4,509238e+02
4,047898e+02;3,894922e+02
4,067183e+02;3,114640e+02
4,086467e+02;2,596522e+02
4,105752e+02;2,322236e+02
4,125037e+02;2,195043e+02
4,144321e+02;2,262888e+02
4,163606e+02;2,286717e+02
4,182891e+02;2,186187e+02
4,202175e+02;2,038499e+02
4,221460e+02;1,827947e+02
4,240745e+02;1,619306e+02
4,260029e+02;1,499545e+02
4,279314e+02;1,461503e+02
4,298599e+02;1,472160e+02
4,317883e+02;1,531804e+02
4,337168e+02;1,632360e+02
4,356453e+02;1,816002e+02
4,375737e+02;1,972080e+02
4,395022e+02;2,113318e+02
4,414307e+02;2,173932e+02
4,433591e+02;2,073304e+02
4,452876e+02;1,858987e+02
4,472161e+02;1,613187e+02
4,491445e+02;1,343458e+02
4,510730e+02;1,157262e+02
4,530015e+02;1,087360e+02
4,549299e+02;1,044987e+02
4,568584e+02;1,029864e+02
4,587869e+02;1,014038e+02
4,607153e+02;9,687673e+01
4,626438e+02;9,295197e+01
4,645723e+02;9,479936e+01
4,665007e+02;1,002913e+02
4,684292e+02;1,033150e+02
4,703577e+02;1,031396e+02
4,722861e+02;1,077926e+02
4,742146e+02;1,221741e+02
4,761431e+02;1,351309e+02
4,780715e+02;1,434465e+02
4,800000e+02;1,516792e+02
4,819285e+02;1,627335e+02
4,838569e+02;1,747976e+02
4,857854e+02;1,844714e+02
4,877139e+02;1,932748e+02
4,896423e+02;2,077650e+02
4,915708e+02;2,304828e+02
4,934993e+02;2,465682e+02
4,954277e+02;2,491420e+02
4,973562e+02;2,532995e+02
4,992847e+02;2,630253e+02
5,012131e+02;2,728668e+02
5,031416e+02;2,728315e+02
5,050701e+02;2,768348e+02
5,069985e+02;2,994302e+02
5,089270e+02;3,383789e+02
5,108555e+02;3,840961e+02
5,127839e+02;4,339281e+02
5,147124e+02;5,014133e+02
5,166409e+02;5,963295e+02
5,185693e+02;6,935181e+02
5,204978e+02;8,293746e+02
5,224263e+02;9,183629e+02
5,243547e+02;9,061681e+02
5,262832e+02;8,364037e+02
5,282117e+02;7,292984e+02
5,301401e+02;6,038328e+02
5,320686e+02;5,195215e+02
5,339971e+02;4,814132e+02
5,359255e+02;4,545620e+02
5,378540e+02;4,445716e+02
5,397825e+02;4,348323e+02
5,417109e+02;4,247367e+02
5,436394e+02;4,140817e+02
5,455679e+02;4,021780e+02
5,474963e+02;3,903697e+02
5,494248e+02;3,841784e+02
5,513533e+02;3,761292e+02
5,532817e+02;3,524449e+02
5,552102e+02;3,140471e+02
5,571387e+02;2,743271e+02
5,590671e+02;2,275912e+02
5,609956e+02;1,988613e+02
5,629241e+02;1,937336e+02
5,648525e+02;1,934769e+02
5,667810e+02;1,927184e+02
5,687095e+02;1,972042e+02
5,706379e+02;2,139819e+02
5,725664e+02;2,339295e+02
5,744949e+02;2,495126e+02
5,764233e+02;2,626584e+02
5,783518e+02;2,805349e+02
5,802803e+02;3,032287e+02
5,822087e+02;3,114656e+02
5,841372e+02;3,065699e+02
5,860657e+02;2,823375e+02
5,879941e+02;2,298991e+02
5,899226e+02;1,811356e+02
5,918511e+02;1,437514e+02
5,937795e+02;1,161935e+02
5,957080e+02;9,969057e+01
5,976365e+02;8,999564e+01
5,995649e+02;8,445572e+01
6,014934e+02;8,255562e+01
6,034219e+02;8,379893e+01
6,053503e+02;8,802899e+01
6,072788e+02;9,188202e+01
6,092073e+02;9,517233e+01
6,111357e+02;1,000648e+02
6,130642e+02;1,066622e+02
6,149927e+02;1,153526e+02
6,169211e+02;1,264593e+02
6,188496e+02;1,394086e+02
6,207781e+02;1,525108e+02
6,227065e+02;1,687531e+02
6,246350e+02;1,906634e+02
6,265635e+02;2,168774e+02
6,284919e+02;2,469798e+02
6,304204e+02;2,796601e+02
6,323489e+02;3,105293e+02
6,342773e+02;3,393927e+02
6,362058e+02;3,625217e+02
6,381343e+02;3,814283e+02
6,400627e+02;3,818355e+02
6,419912e+02;3,561847e+02
6,439197e+02;3,220273e+02
6,458481e+02;2,782596e+02
6,477766e+02;2,358813e+02
6,497051e+02;1,987262e+02
6,516335e+02;1,662153e+02
6,535620e+02;1,368586e+02
6,554905e+02;1,122656e+02
6,574189e+02;9,679702e+01
6,593474e+02;8,873478e+01
6,612759e+02;8,226994e+01
6,632043e+02;7,729739e+01
6,651328e+02;7,341048e+01
6,670613e+02;7,018962e+01
6,689897e+02;7,022147e+01
6,709182e+02;7,602082e+01
6,728467e+02;8,130003e+01
6,747751e+02;8,479890e+01
6,767036e+02;8,737914e+01
6,786321e+02;8,845976e+01
6,805605e+02;8,975595e+01
6,824890e+02;9,306592e+01
6,844175e+02;9,713107e+01
6,863459e+02;9,901603e+01
6,882744e+02;1,006727e+02
6,902029e+02;1,080445e+02
6,921313e+02;1,199914e+02
6,940598e+02;1,275579e+02
6,959883e+02;1,298827e+02
6,979167e+02;1,303203e+02
6,998452e+02;1,282028e+02
7,017737e+02;1,264814e+02
7,037021e+02;1,268818e+02
7,056306e+02;1,255735e+02
7,075591e+02;1,196695e+02
7,094875e+02;1,143855e+02
7,114160e+02;1,126429e+02
7,133445e+02;1,123644e+02
7,152729e+02;1,112639e+02
7,172014e+02;1,110097e+02
7,191299e+02;1,139182e+02
7,210583e+02;1,191363e+02
7,229868e+02;1,252131e+02
7,249153e+02;1,319033e+02
7,268438e+02;1,366787e+02
7,287722e+02;1,391405e+02
7,307007e+02;1,414481e+02
7,326292e+02;1,451580e+02
7,345576e+02;1,457463e+02
7,364861e+02;1,433087e+02
7,384146e+02;1,374451e+02
7,403430e+02;1,257761e+02
7,422715e+02;1,139509e+02
7,442000e+02;1,035474e+02
7,461284e+02;9,432469e+01
7,480569e+02;8,652480e+01
7,499854e+02;7,945988e+01
7,519138e+02;7,185600e+01
7,538423e+02;6,500617e+01
7,557708e+02;6,142163e+01
7,576992e+02;6,012883e+01
7,596277e+02;5,781806e+01
7,615562e+02;5,454982e+01
7,634846e+02;5,211468e+01
7,654131e+02;5,069634e+01
7,673416e+02;4,918723e+01
7,692700e+02;4,754547e+01
7,711985e+02;4,586124e+01
7,731270e+02;4,370585e+01
7,750554e+02;4,278623e+01
7,769839e+02;4,444495e+01
7,789124e+02;4,504270e+01
7,808408e+02;4,225389e+01
7,827693e+02;3,994945e+01
7,846978e+02;4,079858e+01
7,866262e+02;4,199746e+01
7,885547e+02;4,195939e+01
7,904832e+02;4,115988e+01
7,924116e+02;3,875405e+01
7,943401e+02;3,678829e+01
7,962686e+02;3,993925e+01
7,981970e+02;4,585108e+01
8,001255e+02;4,675666e+01
8,020540e+02;4,358452e+01
8,039824e+02;4,425442e+01
8,059109e+02;4,899617e+01
8,078394e+02;5,277447e+01
8,097678e+02;5,537410e+01
8,116963e+02;5,921858e+01
8,136248e+02;6,432432e+01
8,155532e+02;7,194280e+01
8,174817e+02;8,308624e+01
8,194102e+02;9,297256e+01
8,213386e+02;9,588461e+01
8,232671e+02;1,083153e+02
8,251956e+02;1,379589e+02
8,271240e+02;1,754461e+02
8,290525e+02;2,162317e+02
8,309810e+02;2,641746e+02
8,329094e+02;3,184406e+02
8,348379e+02;3,841497e+02
8,367664e+02;4,695681e+02
8,386948e+02;5,650842e+02
8,406233e+02;6,665616e+02
8,425518e+02;7,657862e+02
8,444802e+02;8,728138e+02
8,464087e+02;9,577816e+02
8,483372e+02;9,355009e+02
8,502656e+02;8,199147e+02
8,521941e+02;6,541422e+02
8,541226e+02;4,522285e+02
8,560510e+02;3,108751e+02
8,579795e+02;2,321961e+02
8,599080e+02;1,898619e+02
8,618364e+02;1,836940e+02
8,637649e+02;1,784291e+02
8,656934e+02;1,697502e+02
8,676218e+02;1,631803e+02
8,695503e+02;1,619749e+02
8,714788e+02;1,555717e+02
8,734072e+02;1,387766e+02
8,753357e+02;1,226527e+02
8,772642e+02;1,095412e+02
8,791926e+02;9,724077e+01
8,811211e+02;8,219411e+01
8,830496e+02;7,221223e+01
8,849780e+02;7,341582e+01
8,869065e+02;7,670253e+01
8,888350e+02;7,637079e+01
8,907634e+02;7,692931e+01
8,926919e+02;8,148792e+01
8,946204e+02;8,868315e+01
8,965488e+02;9,679504e+01
8,984773e+02;1,072641e+02
9,004058e+02;1,229868e+02
9,023342e+02;1,412281e+02
9,042627e+02;1,607133e+02
9,061912e+02;1,783156e+02
9,081196e+02;1,875876e+02
9,100481e+02;1,910560e+02
9,119766e+02;1,939713e+02
9,139050e+02;1,965624e+02
9,158335e+02;2,000652e+02
9,177620e+02;2,038694e+02
9,196904e+02;2,043954e+02
9,216189e+02;2,014724e+02
9,235474e+02;1,903407e+02
9,254758e+02;1,692245e+02
9,274043e+02;1,587179e+02
9,293328e+02;1,605415e+02
9,312612e+02;1,672683e+02
9,331897e+02;1,791598e+02
9,351182e+02;1,950436e+02
9,370466e+02;2,230232e+02
9,389751e+02;2,384052e+02
9,409036e+02;2,419471e+02
9,428320e+02;2,311241e+02
9,447605e+02;1,991385e+02
9,466890e+02;1,664935e+02
9,486174e+02;1,330841e+02
9,505459e+02;1,047703e+02
9,524744e+02;8,137494e+01
9,544028e+02;6,622926e+01
9,563313e+02;6,342976e+01
9,582598e+02;6,234234e+01
9,601882e+02;6,082326e+01
9,621167e+02;5,760591e+01
9,640452e+02;5,039510e+01
9,659736e+02;4,480767e+01
9,679021e+02;4,376981e+01
9,698306e+02;4,440182e+01
9,717590e+02;4,624270e+01
9,736875e+02;4,763009e+01
9,756160e+02;4,526464e+01
9,775444e+02;4,549079e+01
9,794729e+02;5,482600e+01
9,814014e+02;6,492237e+01
9,833298e+02;6,787983e+01
9,852583e+02;7,245551e+01
9,871868e+02;8,769685e+01
9,891152e+02;1,044648e+02
9,910437e+02;1,145303e+02
9,929722e+02;1,228139e+02
9,949006e+02;1,311332e+02
9,968291e+02;1,431510e+02
9,987576e+02;1,657446e+02
1,000686e+03;1,914228e+02
1,002615e+03;2,125738e+02
1,004543e+03;2,302393e+02
1,006471e+03;2,469021e+02
1,008400e+03;2,600695e+02
1,010328e+03;2,698275e+02
1,012257e+03;2,706339e+02
1,014185e+03;2,471608e+02
1,016114e+03;2,132329e+02
1,018042e+03;1,896577e+02
1,019971e+03;1,753869e+02
1,021899e+03;1,656260e+02
1,023828e+03;1,655822e+02
1,025756e+03;1,896168e+02
1,027685e+03;2,290346e+02
1,029613e+03;2,714879e+02
1,031542e+03;3,116248e+02
1,033470e+03;3,379780e+02
1,035398e+03;3,521197e+02
1,037327e+03;3,578291e+02
1,039255e+03;3,541778e+02
1,041184e+03;3,360965e+02
1,043112e+03;3,079961e+02
1,045041e+03;2,776937e+02
1,046969e+03;2,477345e+02
1,048898e+03;2,266719e+02
1,050826e+03;2,105414e+02
1,052755e+03;1,863319e+02
1,054683e+03;1,598983e+02
1,056612e+03;1,464277e+02
1,058540e+03;1,430972e+02
1,060469e+03;1,440798e+02
1,062397e+03;1,487166e+02
1,064325e+03;1,568276e+02
1,066254e+03;1,666218e+02
1,068182e+03;1,741857e+02
1,070111e+03;1,796886e+02
1,072039e+03;1,826213e+02
1,073968e+03;1,843991e+02
1,075896e+03;1,881474e+02
1,077825e+03;1,934558e+02
1,079753e+03;2,010166e+02
1,081682e+03;2,084096e+02
1,083610e+03;2,082754e+02
1,085539e+03;2,050153e+02
1,087467e+03;2,093143e+02
1,089396e+03;2,170016e+02
1,091324e+03;2,182735e+02
1,093252e+03;2,171979e+02
1,095181e+03;2,194297e+02
1,097109e+03;2,268508e+02
1,099038e+03;2,431197e+02
1,100966e+03;2,667270e+02
1,102895e+03;2,956588e+02
1,104823e+03;3,296403e+02
1,106752e+03;3,707876e+02
1,108680e+03;4,145672e+02
1,110609e+03;4,587548e+02
1,112537e+03;4,973256e+02
1,114466e+03;5,266783e+02
1,116394e+03;5,407971e+02
1,118323e+03;5,263937e+02
1,120251e+03;4,978564e+02
1,122179e+03;4,741732e+02
1,124108e+03;4,430430e+02
1,126036e+03;3,830142e+02
1,127965e+03;3,183027e+02
1,129893e+03;2,706366e+02
1,131822e+03;2,306878e+02
1,133750e+03;1,876816e+02
1,135679e+03;1,527243e+02
1,137607e+03;1,357169e+02
1,139536e+03;1,285715e+02
1,141464e+03;1,268850e+02
1,143393e+03;1,311301e+02
1,145321e+03;1,430818e+02
1,147250e+03;1,586950e+02
1,149178e+03;1,751610e+02
1,151106e+03;1,957196e+02
1,153035e+03;2,263936e+02
1,154963e+03;2,536793e+02
1,156892e+03;2,781747e+02
1,158820e+03;2,826215e+02
1,160749e+03;2,537137e+02
1,162677e+03;2,183445e+02
1,164606e+03;1,824342e+02
1,166534e+03;1,512692e+02
1,168463e+03;1,259169e+02
1,170391e+03;1,077575e+02
1,172320e+03;9,868114e+01
1,174248e+03;9,069215e+01
1,176177e+03;8,191560e+01
1,178105e+03;7,473973e+01
1,180033e+03;6,968688e+01
1,181962e+03;6,531989e+01
1,183890e+03;6,112298e+01
1,185819e+03;6,118815e+01
1,187747e+03;6,623742e+01
1,189676e+03;7,030391e+01
1,191604e+03;7,286581e+01
1,193533e+03;7,754983e+01
1,195461e+03;8,433590e+01
1,197390e+03;8,859052e+01
1,199318e+03;9,021021e+01
1,201247e+03;8,987256e+01
1,203175e+03;8,781793e+01
1,205104e+03;8,400246e+01
1,207032e+03;7,988232e+01
1,208960e+03;8,105685e+01
1,210889e+03;8,602657e+01
1,212817e+03;9,089606e+01
1,214746e+03;9,669587e+01
1,216674e+03;1,033856e+02
1,218603e+03;1,142238e+02
1,220531e+03;1,348191e+02
1,222460e+03;1,616517e+02
1,224388e+03;1,935479e+02
1,226317e+03;2,258640e+02
1,228245e+03;2,564258e+02
1,230174e+03;2,825135e+02
1,232102e+03;3,076245e+02
1,234031e+03;3,193042e+02
1,235959e+03;3,071365e+02
1,237887e+03;2,850620e+02
1,239816e+03;2,549594e+02
1,241744e+03;2,229652e+02
1,243673e+03;1,877215e+02
1,245601e+03;1,566229e+02
1,247530e+03;1,285636e+02
1,249458e+03;1,101914e+02
1,251387e+03;1,046707e+02
1,253315e+03;1,016801e+02
1,255244e+03;1,015332e+02
1,257172e+03;9,863411e+01
1,259101e+03;9,236010e+01
1,261029e+03;8,817883e+01
1,262958e+03;8,619518e+01
1,264886e+03;8,476366e+01
1,266814e+03;8,386704e+01
1,268743e+03;8,452171e+01
1,270671e+03;8,546915e+01
1,272600e+03;8,248536e+01
1,274528e+03;7,708522e+01
1,276457e+03;7,200329e+01
1,278385e+03;6,668171e+01
1,280314e+03;5,836938e+01
1,282242e+03;5,197924e+01
1,284171e+03;5,387132e+01
1,286099e+03;5,659983e+01
1,288028e+03;5,349123e+01
1,289956e+03;5,256693e+01
1,291885e+03;6,042322e+01
1,293813e+03;6,598823e+01
1,295741e+03;6,433173e+01
1,297670e+03;6,200909e+01
1,299598e+03;5,982666e+01
1,301527e+03;5,964901e+01
1,303455e+03;6,232266e+01
1,305384e+03;6,464885e+01
1,307312e+03;6,620110e+01
1,309241e+03;6,911919e+01
1,311169e+03;7,339329e+01
1,313098e+03;7,514857e+01
1,315026e+03;7,520426e+01
1,316955e+03;7,838652e+01
1,318883e+03;8,373398e+01
1,320812e+03;8,932156e+01
1,322740e+03;9,470592e+01
1,324668e+03;9,893608e+01
1,326597e+03;1,028867e+02
1,328525e+03;1,051542e+02
1,330454e+03;1,108340e+02
1,332382e+03;1,259500e+02
1,334311e+03;1,403174e+02
1,336239e+03;1,483941e+02
1,338168e+03;1,592711e+02
1,340096e+03;1,773106e+02
1,342025e+03;1,913026e+02
1,343953e+03;1,989194e+02
1,345882e+03;2,040412e+02
1,347810e+03;2,071630e+02
1,349739e+03;2,042085e+02
1,351667e+03;1,960199e+02
1,353595e+03;1,946262e+02
1,355524e+03;1,991020e+02
1,357452e+03;2,075740e+02
1,359381e+03;2,171366e+02
1,361309e+03;2,239317e+02
1,363238e+03;2,259375e+02
1,365166e+03;2,199860e+02
1,367095e+03;2,089553e+02
1,369023e+03;1,921403e+02
1,370952e+03;1,757178e+02
1,372880e+03;1,625397e+02
1,374809e+03;1,503582e+02
1,376737e+03;1,372023e+02
1,378666e+03;1,299388e+02
1,380594e+03;1,304031e+02
1,382522e+03;1,303410e+02
1,384451e+03;1,290386e+02
1,386379e+03;1,278579e+02
1,388308e+03;1,264979e+02
1,390236e+03;1,215884e+02
1,392165e+03;1,159366e+02
1,394093e+03;1,156464e+02
1,396022e+03;1,194542e+02
1,397950e+03;1,282031e+02
1,399879e+03;1,367513e+02
1,401807e+03;1,399511e+02
1,403736e+03;1,426870e+02
1,405664e+03;1,486529e+02
1,407593e+03;1,525562e+02
1,409521e+03;1,515922e+02
1,411449e+03;1,510732e+02
1,413378e+03;1,509591e+02
1,415306e+03;1,543527e+02
1,417235e+03;1,612975e+02
1,419163e+03;1,601287e+02
1,421092e+03;1,532101e+02
1,423020e+03;1,505415e+02
1,424949e+03;1,511499e+02
1,426877e+03;1,556139e+02
1,428806e+03;1,590769e+02
1,430734e+03;1,547062e+02
1,432663e+03;1,511505e+02
1,434591e+03;1,544247e+02
1,436520e+03;1,578872e+02
1,438448e+03;1,593367e+02
1,440376e+03;1,605945e+02
1,442305e+03;1,610967e+02
1,444233e+03;1,634617e+02
1,446162e+03;1,674689e+02
1,448090e+03;1,807582e+02
1,450019e+03;2,022480e+02
1,451947e+03;2,291274e+02
1,453876e+03;2,589910e+02
1,455804e+03;2,959363e+02
1,457733e+03;3,223455e+02
1,459661e+03;3,246476e+02
1,461590e+03;3,114961e+02
1,463518e+03;2,823927e+02
1,465447e+03;2,518028e+02
1,467375e+03;2,237270e+02
1,469303e+03;1,931255e+02
1,471232e+03;1,584472e+02
1,473160e+03;1,351486e+02
1,475089e+03;1,209406e+02
1,477017e+03;9,601597e+01
1,478946e+03;6,825410e+01
1,480874e+03;5,503914e+01
1,482803e+03;4,899777e+01
1,484731e+03;4,482309e+01
1,486660e+03;4,078303e+01
1,488588e+03;3,564528e+01
1,490517e+03;3,158360e+01
1,492445e+03;2,931804e+01
1,494374e+03;2,684820e+01
1,496302e+03;2,390555e+01
1,498230e+03;2,547386e+01
1,500159e+03;3,035463e+01
1,502087e+03;3,046796e+01
1,504016e+03;2,765733e+01
1,505944e+03;2,445421e+01
1,507873e+03;2,176430e+01
1,509801e+03;2,016463e+01
1,511730e+03;1,998165e+01
1,513658e+03;2,223556e+01
1,515587e+03;2,385429e+01
1,517515e+03;2,447479e+01
1,519444e+03;2,249262e+01
1,521372e+03;1,815311e+01
1,523301e+03;1,607222e+01
1,525229e+03;1,585731e+01
1,527157e+03;1,590379e+01
1,529086e+03;1,603253e+01
1,531014e+03;1,668377e+01
1,532943e+03;1,626533e+01
1,534871e+03;1,120416e+01
1,536800e+03;9,711890e+00
1,538728e+03;1,629437e+01
1,540657e+03;1,899325e+01
1,542585e+03;1,672633e+01
1,544514e+03;1,535859e+01
1,546442e+03;1,513320e+01
1,548371e+03;1,696313e+01
1,550299e+03;1,859555e+01
1,552228e+03;1,492817e+01
1,554156e+03;1,227183e+01
1,556084e+03;1,751472e+01
1,558013e+03;2,119487e+01
1,559941e+03;1,835123e+01
1,561870e+03;1,730359e+01
1,563798e+03;1,895144e+01
1,565727e+03;1,918550e+01
1,567655e+03;1,834741e+01
1,569584e+03;1,882441e+01
1,571512e+03;1,942230e+01
1,573441e+03;1,788404e+01
1,575369e+03;1,650731e+01
1,577298e+03;1,704219e+01
1,579226e+03;1,772407e+01
1,581155e+03;1,822655e+01
1,583083e+03;1,841367e+01
1,585011e+03;1,856039e+01
1,586940e+03;1,294471e+01
1,588868e+03;4,865676e+00
1,590797e+03;8,199111e+00
1,592725e+03;1,523929e+01
1,594654e+03;1,806846e+01
1,596582e+03;1,872334e+01
1,598511e+03;1,757421e+01
1,600439e+03;1,628609e+01
1,602368e+03;1,515801e+01
1,604296e+03;1,459660e+01
1,606225e+03;1,452174e+01
1,608153e+03;1,322213e+01
1,610082e+03;1,220159e+01
1,612010e+03;1,697977e+01
1,613938e+03;1,996836e+01
1,615867e+03;1,348267e+01
1,617795e+03;8,872327e+00
1,619724e+03;9,875244e+00
1,621652e+03;1,192036e+01
1,623581e+03;1,438696e+01
1,625509e+03;1,852296e+01
1,627438e+03;2,224509e+01
1,629366e+03;1,734467e+01
1,631295e+03;1,078963e+01
1,633223e+03;9,584158e+00
1,635152e+03;1,098616e+01
1,637080e+03;1,502682e+01
1,639009e+03;1,674551e+01
1,640937e+03;1,537573e+01
1,642865e+03;1,397824e+01
1,644794e+03;1,293708e+01
1,646722e+03;1,291132e+01
1,648651e+03;1,351125e+01
1,650579e+03;1,481707e+01
1,652508e+03;1,552684e+01
1,654436e+03;1,452126e+01
1,656365e+03;1,481290e+01
1,658293e+03;1,689599e+01
1,660222e+03;1,330500e+01
1,662150e+03;6,550068e+00
1,664079e+03;8,005342e+00
1,666007e+03;1,239194e+01
1,667936e+03;1,393422e+01
1,669864e+03;1,441813e+01
1,671792e+03;1,399356e+01
1,673721e+03;1,462468e+01
1,675649e+03;1,659499e+01
1,677578e+03;1,655453e+01
1,679506e+03;1,520431e+01
1,681435e+03;1,635874e+01
1,683363e+03;1,654045e+01
1,685292e+03;8,770162e+00
1,687220e+03;4,494858e+00
1,689149e+03;1,210781e+01
1,691077e+03;1,634516e+01
1,693006e+03;1,611393e+01
1,694934e+03;1,680052e+01
1,696863e+03;1,720666e+01
1,698791e+03;1,306592e+01
1,700719e+03;8,189627e+00
1,702648e+03;3,902120e+00
1,704576e+03;3,387657e+00
1,706505e+03;1,078678e+01
1,708433e+03;1,393820e+01
1,710362e+03;1,291607e+01
1,712290e+03;1,379393e+01
1,714219e+03;1,502093e+01
1,716147e+03;1,370670e+01
1,718076e+03;1,202528e+01
1,720004e+03;9,871569e+00
1,721933e+03;1,191945e+01
1,723861e+03;2,124182e+01
1,725790e+03;2,214879e+01
1,727718e+03;1,683816e+01
1,729646e+03;1,229005e+01
1,731575e+03;9,304264e+00
1,733503e+03;8,982347e+00
1,735432e+03;9,236354e+00
1,737360e+03;9,356715e+00
1,739289e+03;1,005407e+01
1,741217e+03;1,131723e+01
1,743146e+03;1,246863e+01
1,745074e+03;1,309530e+01
1,747003e+03;1,162413e+01
1,748931e+03;1,095054e+01
1,750860e+03;1,299919e+01
1,752788e+03;1,351395e+01
1,754717e+03;1,170587e+01
1,756645e+03;9,932981e+00
1,758573e+03;8,693463e+00
1,760502e+03;9,865244e+00
1,762430e+03;1,086865e+01
1,764359e+03;9,069159e+00
1,766287e+03;8,513667e+00
1,768216e+03;1,017610e+01
1,770144e+03;9,692546e+00
1,772073e+03;7,590353e+00
1,774001e+03;6,896268e+00
1,775930e+03;7,100260e+00
1,777858e+03;7,959363e+00
1,779787e+03;9,136410e+00
1,781715e+03;1,081091e+01
1,783644e+03;9,573647e+00
1,785572e+03;6,458577e+00
1,787500e+03;8,885939e+00
1,789429e+03;1,260712e+01
1,791357e+03;1,245795e+01
1,793286e+03;1,110900e+01
1,795214e+03;8,699137e+00
1,797143e+03;1,017006e+01
1,799071e+03;1,465408e+01
1,801000e+03;1,374888e+01
1,802928e+03;1,014651e+01
1,804857e+03;5,603932e+00
1,806785e+03;3,376370e+00
1,808714e+03;6,303111e+00
1,810642e+03;7,753892e+00
1,812571e+03;7,613240e+00
1,814499e+03;8,256207e+00
1,816427e+03;8,874674e+00
1,818356e+03;8,257487e+00
1,820284e+03;7,317681e+00
1,822213e+03;5,724423e+00
1,824141e+03;6,323125e+00
1,826070e+03;8,846962e+00
1,827998e+03;7,953581e+00
1,829927e+03;7,163122e+00
1,831855e+03;1,291294e+01
1,833784e+03;1,621852e+01
1,835712e+03;1,166609e+01
1,837641e+03;8,679435e+00
1,839569e+03;7,437583e+00
1,841498e+03;5,526768e+00
1,843426e+03;5,348897e+00
1,845354e+03;1,066173e+01
1,847283e+03;1,484365e+01
1,849211e+03;1,527419e+01
1,851140e+03;1,543537e+01
1,853068e+03;1,532822e+01
1,854997e+03;1,405035e+01
1,856925e+03;1,199989e+01
1,858854e+03;8,869524e+00
1,860782e+03;7,379022e+00
1,862711e+03;8,547514e+00
1,864639e+03;8,452302e+00
1,866568e+03;7,639864e+00
1,868496e+03;8,289637e+00
1,870425e+03;8,835770e+00
1,872353e+03;8,346691e+00
1,874281e+03;7,101089e+00
1,876210e+03;5,280694e+00
1,878138e+03;8,901461e+00
1,880067e+03;1,367319e+01
1,881995e+03;9,700062e+00
1,883924e+03;7,487773e+00
1,885852e+03;1,197834e+01
1,887781e+03;1,304408e+01
1,889709e+03;1,004151e+01
1,891638e+03;6,393322e+00
1,893566e+03;4,441297e+00
1,895495e+03;8,117851e+00
1,897423e+03;1,255464e+01
1,899352e+03;1,692226e+01
1,901280e+03;1,285145e+01
1,903208e+03;4,937824e+00
1,905137e+03;7,277809e+00
1,907065e+03;1,068417e+01
1,908994e+03;8,407913e+00
1,910922e+03;7,653941e+00
1,912851e+03;8,954651e+00
1,914779e+03;1,059293e+01
1,916708e+03;1,099889e+01
1,918636e+03;5,976315e+00
1,920565e+03;3,566850e+00
1,922493e+03;6,380976e+00
1,924422e+03;1,186428e+01
1,926350e+03;1,707616e+01
1,928279e+03;1,235436e+01
1,930207e+03;6,825771e+00
1,932135e+03;7,719248e+00
1,934064e+03;8,663325e+00
1,935992e+03;8,816366e+00
1,937921e+03;3,059810e+00
1,939849e+03;-2,012725e+00
1,941778e+03;3,976972e+00
1,943706e+03;9,101235e+00
1,945635e+03;9,122916e+00
1,947563e+03;8,797647e+00
1,949492e+03;8,069950e+00
1,951420e+03;5,396737e+00
1,953349e+03;4,495885e+00
1,955277e+03;9,316247e+00
1,957206e+03;1,107443e+01
1,959134e+03;9,559289e+00
1,961062e+03;8,457560e+00
1,962991e+03;7,984198e+00
1,964919e+03;8,431258e+00
1,966848e+03;9,343543e+00
1,968776e+03;1,088229e+01
1,970705e+03;7,357893e+00
1,972633e+03;3,140135e+00
1,974562e+03;6,984084e+00
1,976490e+03;1,074422e+01
1,978419e+03;1,160132e+01
1,980347e+03;1,088689e+01
1,982276e+03;9,359711e+00
1,984204e+03;8,678195e+00
1,986133e+03;8,607141e+00
1,988061e+03;8,928784e+00
1,989990e+03;1,085474e+01
1,991918e+03;1,366038e+01
1,993846e+03;1,158618e+01
1,995775e+03;8,069134e+00
1,997703e+03;4,852057e+00
1,999632e+03;6,603797e+00
2,001560e+03;1,328906e+01
2,003489e+03;1,105618e+01
2,005417e+03;5,997065e+00
2,007346e+03;6,146726e+00
2,009274e+03;6,937301e+00
2,011203e+03;7,451035e+00
2,013131e+03;1,110529e+01
2,015060e+03;1,475851e+01
2,016988e+03;1,219303e+01
2,018917e+03;8,535715e+00
2,020845e+03;5,173326e+00
2,022773e+03;5,427320e+00
2,024702e+03;8,229299e+00
2,026630e+03;1,257064e+01
2,028559e+03;1,390289e+01
2,030487e+03;9,431298e+00
2,032416e+03;7,194125e+00
2,034344e+03;7,171443e+00
2,036273e+03;7,056763e+00
2,038201e+03;8,447805e+00
2,040130e+03;1,433396e+01
2,042058e+03;1,514604e+01
2,043987e+03;1,104122e+01
2,045915e+03;1,145691e+00
2,047844e+03;-4,724925e+00
2,049772e+03;4,064584e+00
2,051700e+03;8,943933e+00
2,053629e+03;9,336083e+00
2,055557e+03;8,228894e+00
2,057486e+03;6,335253e+00
2,059414e+03;2,316660e+00
2,061343e+03;3,350549e+00
2,063271e+03;8,830541e+00
2,065200e+03;9,943093e+00
2,067128e+03;9,423554e+00
2,069057e+03;9,321792e+00
2,070985e+03;7,834826e+00
2,072914e+03;5,228202e+00
2,074842e+03;5,336716e+00
2,076771e+03;6,253095e+00
2,078699e+03;6,469787e+00
2,080627e+03;7,753521e+00
2,082556e+03;9,785987e+00
2,084484e+03;6,814169e+00
2,086413e+03;5,038517e+00
2,088341e+03;1,029635e+01
2,090270e+03;9,546327e+00
2,092198e+03;3,223131e+00
2,094127e+03;6,865795e+00
2,096055e+03;1,134917e+01
2,097984e+03;1,041107e+01
2,099912e+03;1,060163e+01
2,101841e+03;1,200774e+01
2,103769e+03;9,943118e+00
2,105698e+03;7,763458e+00
2,107626e+03;7,636274e+00
2,109554e+03;5,466962e+00
2,111483e+03;2,488329e+00
2,113411e+03;5,919139e+00
2,115340e+03;1,028890e+01
2,117268e+03;1,341908e+01
2,119197e+03;9,810247e+00
2,121125e+03;3,366509e+00
2,123054e+03;7,982301e+00
2,124982e+03;1,140929e+01
2,126911e+03;8,476502e+00
2,128839e+03;8,709768e+00
2,130768e+03;1,089400e+01
2,132696e+03;1,180681e+01
2,134625e+03;1,049132e+01
2,136553e+03;6,695640e+00
2,138481e+03;6,199850e+00
2,140410e+03;6,277329e+00
2,142338e+03;-5,645285e-01
2,144267e+03;-2,516270e-01
2,146195e+03;9,313967e+00
2,148124e+03;8,636903e+00
2,150052e+03;4,426656e+00
2,151981e+03;3,780219e+00
2,153909e+03;5,597980e+00
2,155838e+03;8,851837e+00
2,157766e+03;5,641444e+00
2,159695e+03;2,190630e+00
2,161623e+03;3,756324e+00
2,163552e+03;6,428453e+00
2,165480e+03;8,884841e+00
2,167408e+03;5,666747e+00
2,169337e+03;3,182634e+00
2,171265e+03;7,440082e+00
2,173194e+03;3,493974e+00
2,175122e+03;-3,493977e+00
2,177051e+03;-2,214904e+00
2,178979e+03;2,048391e+00
2,180908e+03;8,459471e+00
2,182836e+03;8,136900e+00
2,184765e+03;4,967258e+00
2,186693e+03;2,729095e+00
2,188622e+03;3,312533e+00
2,190550e+03;6,471085e+00
2,192479e+03;4,653559e+00
2,194407e+03;3,202442e+00
2,196335e+03;6,306924e+00
2,198264e+03;6,507172e+00
2,200192e+03;4,686845e+00
2,202121e+03;6,265878e+00
2,204049e+03;7,344111e+00
2,205978e+03;6,333524e+00
2,207906e+03;9,774884e+00
2,209835e+03;1,252539e+01
2,211763e+03;3,136042e+00
2,213692e+03;-2,578241e-01
2,215620e+03;5,049987e+00
2,217549e+03;6,157067e+00
2,219477e+03;6,809776e+00
2,221406e+03;1,056718e+01
2,223334e+03;9,065084e+00
2,225262e+03;3,701554e+00
2,227191e+03;-7,909622e-01
2,229119e+03;-5,025512e-01
2,231048e+03;5,599714e+00
2,232976e+03;6,457451e+00
2,234905e+03;5,928930e+00
2,236833e+03;1,054207e+01
2,238762e+03;1,290254e+01
2,240690e+03;1,252927e+01
2,242619e+03;1,273069e+01
2,244547e+03;1,185113e+01
2,246476e+03;8,373997e+00
2,248404e+03;7,018389e+00
2,250333e+03;7,144698e+00
2,252261e+03;7,486666e+00
2,254189e+03;7,004255e+00
2,256118e+03;5,662083e+00
2,258046e+03;5,747149e+00
2,259975e+03;6,495155e+00
2,261903e+03;7,983496e+00
2,263832e+03;7,362610e+00
2,265760e+03;5,489014e+00
2,267689e+03;4,504857e+00
2,269617e+03;4,704877e+00
2,271546e+03;6,360113e+00
2,273474e+03;5,656425e+00
2,275403e+03;4,447655e+00
2,277331e+03;4,173439e+00
2,279260e+03;5,543159e+00
2,281188e+03;7,722450e+00
2,283116e+03;7,570078e+00
2,285045e+03;7,583242e+00
2,286973e+03;8,889735e+00
2,288902e+03;7,745867e+00
2,290830e+03;6,169537e+00
2,292759e+03;5,949999e+00
2,294687e+03;6,673028e+00
2,296616e+03;7,708378e+00
2,298544e+03;6,911509e+00
2,300473e+03;6,413040e+00
2,302401e+03;6,956112e+00
2,304330e+03;6,393851e+00
2,306258e+03;5,145745e+00
2,308187e+03;3,355094e+00
2,310115e+03;2,788333e+00
2,312043e+03;3,758239e+00
2,313972e+03;8,098284e+00
2,315900e+03;1,038599e+01
2,317829e+03;9,132263e+00
2,319757e+03;5,602489e+00
2,321686e+03;3,859186e+00
2,323614e+03;7,357913e+00
2,325543e+03;1,041712e+01
2,327471e+03;1,187769e+01
2,329400e+03;1,062903e+01
2,331328e+03;5,924084e+00
2,333257e+03;-5,251223e-01
2,335185e+03;6,340004e+00
2,337114e+03;1,045667e+01
2,339042e+03;1,217035e+00
2,340970e+03;2,658043e+00
2,342899e+03;8,010623e+00
2,344827e+03;4,436080e+00
2,346756e+03;2,763814e+00
2,348684e+03;3,433151e+00
2,350613e+03;1,348513e+00
2,352541e+03;1,125029e+00
2,354470e+03;4,493682e+00
2,356398e+03;9,162569e+00
2,358327e+03;1,177687e+01
2,360255e+03;6,903766e+00
2,362184e+03;7,152654e+00
2,364112e+03;1,044492e+01
2,366041e+03;1,247725e+01
2,367969e+03;9,432065e+00
2,369897e+03;2,031012e+00
2,371826e+03;4,236817e+00
2,373754e+03;7,175837e+00
2,375683e+03;6,199457e+00
2,377611e+03;3,792681e+00
2,379540e+03;1,581616e+00
2,381468e+03;1,714779e+00
2,383397e+03;-1,201517e+00
2,385325e+03;-4,096742e+00
2,387254e+03;4,074763e+00
2,389182e+03;8,654653e+00
2,391111e+03;6,578475e+00
2,393039e+03;4,173945e+00
2,394968e+03;2,553214e+00
2,396896e+03;2,217698e+00
2,398824e+03;6,347057e+00
2,400753e+03;9,709151e+00
2,402681e+03;7,224983e+00
2,404610e+03;2,642234e+00
2,406538e+03;-6,994405e-01
2,408467e+03;5,171587e+00
2,410395e+03;1,024077e+01
2,412324e+03;1,248613e+01
2,414252e+03;1,236700e+01
2,416181e+03;9,042393e+00
2,418109e+03;2,835800e+00
2,420038e+03;3,725000e+00
2,421966e+03;6,750170e+00
2,423895e+03;8,130595e+00
2,425823e+03;9,974594e+00
2,427751e+03;1,153942e+01
2,429680e+03;1,143976e+01
2,431608e+03;1,095655e+01
2,433537e+03;9,098194e+00
2,435465e+03;6,947908e-01
2,437394e+03;-2,711994e+00
2,439322e+03;2,251307e-01
2,441251e+03;2,111348e+00
2,443179e+03;5,240158e+00
2,445108e+03;1,070378e+01
2,447036e+03;6,834583e+00
2,448965e+03;7,425557e-01
2,450893e+03;-2,711432e+00
2,452822e+03;1,324704e-02
2,454750e+03;4,281586e+00
2,456678e+03;2,592110e+00
2,458607e+03;4,902291e+00
2,460535e+03;8,956945e+00
2,462464e+03;6,624709e+00
2,464392e+03;5,372284e+00
2,466321e+03;5,947462e+00
2,468249e+03;3,719386e+00
2,470178e+03;2,547904e+00
2,472106e+03;3,702934e+00
2,474035e+03;2,806448e+00
2,475963e+03;1,162078e+00
2,477892e+03;-9,218916e-01
2,479820e+03;1,959849e+00
2,481749e+03;5,019886e+00
2,483677e+03;4,075833e+00
2,485605e+03;4,937300e+00
2,487534e+03;6,434625e+00
2,489462e+03;6,586580e+00
2,491391e+03;6,825778e+00
2,493319e+03;6,549145e+00
2,495248e+03;3,028533e+00
2,497176e+03;2,803004e+00
2,499105e+03;5,425222e+00
2,501033e+03;6,043930e+00
2,502962e+03;2,912564e+00
2,504890e+03;-2,852894e+00
2,506819e+03;-7,196876e-01
2,508747e+03;2,597512e+00
2,510676e+03;4,498740e+00
2,512604e+03;4,993426e+00
2,514532e+03;4,128667e+00
2,516461e+03;2,131969e+00
2,518389e+03;4,521548e+00
2,520318e+03;8,233801e+00
2,522246e+03;1,127742e+01
2,524175e+03;9,409887e+00
2,526103e+03;6,049338e+00
2,528032e+03;4,552899e+00
2,529960e+03;3,743649e+00
2,531889e+03;4,447426e+00
2,533817e+03;1,020830e+01
2,535746e+03;8,851002e+00
2,537674e+03;3,765640e+00
2,539603e+03;2,377702e+00
2,541531e+03;3,149963e+00
2,543459e+03;5,048189e+00
2,545388e+03;6,659327e+00
2,547316e+03;7,883370e+00
2,549245e+03;8,084496e+00
2,551173e+03;4,042564e+00
2,553102e+03;1,809111e+00
2,555030e+03;2,329339e+00
2,556959e+03;4,219811e+00
2,558887e+03;5,450706e+00
2,560816e+03;5,604064e+00
2,562744e+03;7,448962e+00
2,564673e+03;5,442069e+00
2,566601e+03;-1,689796e+00
2,568530e+03;2,259480e+00
2,570458e+03;5,476001e+00
2,572386e+03;2,983552e+00
2,574315e+03;7,265320e+00
2,576243e+03;1,045711e+01
2,578172e+03;8,581943e+00
2,580100e+03;5,765200e+00
2,582029e+03;5,625808e+00
2,583957e+03;9,871543e+00
2,585886e+03;8,214492e+00
2,587814e+03;4,912699e+00
2,589743e+03;2,737123e+00
2,591671e+03;9,081826e-01
2,593600e+03;1,272360e+00
2,595528e+03;4,856959e+00
2,597457e+03;1,348793e+00
2,599385e+03;-5,444359e-01
2,601313e+03;5,620251e+00
2,603242e+03;6,427323e+00
2,605170e+03;4,091531e+00
2,607099e+03;5,812189e-01
2,609027e+03;1,686068e+00
2,610956e+03;4,998621e+00
2,612884e+03;9,029675e+00
2,614813e+03;5,120917e+00
2,616741e+03;1,416891e+00
2,618670e+03;6,239730e+00
2,620598e+03;9,389583e-01
2,622527e+03;-3,614749e+00
2,624455e+03;4,827690e+00
2,626384e+03;4,207909e+00
2,628312e+03;1,386341e+00
2,630240e+03;4,228111e+00
2,632169e+03;1,816232e-01
2,634097e+03;-2,362361e+00
2,636026e+03;7,830041e+00
2,637954e+03;5,311418e+00
2,639883e+03;1,136253e+00
2,641811e+03;6,287162e+00
2,643740e+03;9,706872e+00
2,645668e+03;1,138218e+01
2,647597e+03;1,104292e+01
2,649525e+03;1,073118e+01
2,651454e+03;1,104586e+01
2,653382e+03;1,297995e+01
2,655311e+03;5,198093e+00
2,657239e+03;-1,908476e-01
2,659167e+03;4,904762e+00
2,661096e+03;1,151542e+01
2,663024e+03;1,520752e+01
2,664953e+03;1,361686e+01
2,666881e+03;6,647884e+00
2,668810e+03;4,491189e+00
2,670738e+03;1,124199e+01
2,672667e+03;1,181265e+01
2,674595e+03;1,065283e+01
2,676524e+03;1,025792e+01
2,678452e+03;1,500978e+01
2,680381e+03;1,810018e+01
2,682309e+03;1,676805e+01
2,684238e+03;7,679692e+00
2,686166e+03;6,376905e+00
2,688094e+03;1,262538e+01
2,690023e+03;1,832546e+00
2,691951e+03;-1,907065e+00
2,693880e+03;4,027418e+00
2,695808e+03;9,168302e+00
2,697737e+03;9,271970e+00
2,699665e+03;6,248946e+00
2,701594e+03;6,165899e+00
2,703522e+03;8,374368e+00
2,705451e+03;1,100588e+01
2,707379e+03;1,068086e+01
2,709308e+03;1,016479e+01
2,711236e+03;1,056381e+01
2,713165e+03;1,469108e+01
2,715093e+03;1,127444e+01
2,717021e+03;6,306165e+00
2,718950e+03;7,320529e+00
2,720878e+03;1,109726e+01
2,722807e+03;1,370614e+01
2,724735e+03;1,115191e+01
2,726664e+03;1,058106e+01
2,728592e+03;1,015746e+01
2,730521e+03;8,818837e+00
2,732449e+03;4,659751e+00
2,734378e+03;4,338888e+00
2,736306e+03;9,649679e+00
2,738235e+03;9,689169e+00
2,740163e+03;7,119750e+00
2,742092e+03;4,369726e+00
2,744020e+03;9,691369e+00
2,745948e+03;1,457341e+01
2,747877e+03;1,571807e+01
2,749805e+03;7,404521e+00
2,751734e+03;7,992124e+00
2,753662e+03;1,282129e+01
2,755591e+03;1,177680e+01
2,757519e+03;1,278381e+01
2,759448e+03;1,271021e+01
2,761376e+03;8,014928e+00
2,763305e+03;1,023979e+01
2,765233e+03;1,111621e+01
2,767162e+03;6,164003e+00
2,769090e+03;3,264965e+00
2,771019e+03;6,219823e+00
2,772947e+03;1,388145e+01
2,774875e+03;1,619141e+01
2,776804e+03;1,177242e+01
2,778732e+03;3,771837e+00
2,780661e+03;5,309865e-01
2,782589e+03;3,470612e+00
2,784518e+03;7,894950e+00
2,786446e+03;4,223521e+00
2,788375e+03;4,908501e+00
2,790303e+03;6,623590e+00
2,792232e+03;4,084509e+00
2,794160e+03;9,250500e+00
2,796089e+03;1,117094e+01
2,798017e+03;3,430254e+00
2,799946e+03;8,616692e+00
2,801874e+03;1,424818e+01
2,803802e+03;1,600148e+01
2,805731e+03;1,380093e+01
2,807659e+03;1,152840e+01
2,809588e+03;1,046876e+01
2,811516e+03;1,172103e+01
2,813445e+03;1,317819e+01
2,815373e+03;1,475297e+01
2,817302e+03;1,706538e+01
2,819230e+03;1,245480e+01
2,821159e+03;8,859180e+00
2,823087e+03;1,139346e+01
2,825016e+03;1,087458e+01
2,826944e+03;9,681552e+00
2,828873e+03;8,867316e+00
2,830801e+03;9,729529e+00
2,832729e+03;8,600373e+00
2,834658e+03;7,253969e+00
2,836586e+03;1,050201e+01
2,838515e+03;7,168104e+00
2,840443e+03;4,063384e+00
2,842372e+03;7,258122e+00
2,844300e+03;9,809538e+00
2,846229e+03;1,099790e+01
2,848157e+03;1,080606e+01
2,850086e+03;8,553531e+00
2,852014e+03;8,572206e+00
2,853943e+03;1,121747e+01
2,855871e+03;1,635365e+01
2,857800e+03;1,497159e+01
2,859728e+03;1,304464e+01
2,861656e+03;1,812224e+01
2,863585e+03;1,971321e+01
2,865513e+03;1,840084e+01
2,867442e+03;1,542336e+01
2,869370e+03;1,520643e+01
2,871299e+03;1,789518e+01
2,873227e+03;2,198780e+01
2,875156e+03;2,471783e+01
2,877084e+03;2,617158e+01
2,879013e+03;2,741789e+01
2,880941e+03;2,901529e+01
2,882870e+03;3,513184e+01
2,884798e+03;3,995163e+01
2,886727e+03;4,161243e+01
2,888655e+03;4,887726e+01
2,890583e+03;5,144738e+01
2,892512e+03;5,082887e+01
2,894440e+03;5,386527e+01
2,896369e+03;5,313081e+01
2,898297e+03;4,972417e+01
2,900226e+03;4,524819e+01
2,902154e+03;4,849081e+01
2,904083e+03;5,083242e+01
2,906011e+03;5,211050e+01
2,907940e+03;6,639785e+01
2,909868e+03;7,243673e+01
2,911797e+03;7,333603e+01
2,913725e+03;7,633819e+01
2,915654e+03;6,722612e+01
2,917582e+03;6,558517e+01
2,919510e+03;7,797229e+01
2,921439e+03;8,455452e+01
2,923367e+03;9,329585e+01
2,925296e+03;1,016227e+02
2,927224e+03;1,016302e+02
2,929153e+03;9,669409e+01
2,931081e+03;9,036823e+01
2,933010e+03;8,501987e+01
2,934938e+03;8,250850e+01
2,936867e+03;8,526794e+01
2,938795e+03;9,004173e+01
2,940724e+03;8,818019e+01
2,942652e+03;8,927010e+01
2,944581e+03;8,182002e+01
2,946509e+03;5,528723e+01
2,948438e+03;4,514314e+01
2,950366e+03;3,721236e+01
2,952294e+03;3,089125e+01
2,954223e+03;4,024330e+01
2,956151e+03;4,852387e+01
2,958080e+03;4,989637e+01
2,960008e+03;3,978723e+01
2,961937e+03;3,129780e+01
2,963865e+03;2,800203e+01
2,965794e+03;3,117424e+01
2,967722e+03;4,200707e+01
2,969651e+03;5,275776e+01
2,971579e+03;5,340641e+01
2,973508e+03;3,739346e+01
2,975436e+03;4,599960e+01
2,977365e+03;5,155159e+01
2,979293e+03;5,165723e+01
2,981221e+03;7,021510e+01
2,983150e+03;7,967010e+01
2,985078e+03;7,170164e+01
2,987007e+03;4,616217e+01
2,988935e+03;4,166216e+01
2,990864e+03;3,294065e+01
2,992792e+03;1,995679e+01
2,994721e+03;2,284003e+01
2,996649e+03;2,058002e+01
2,998578e+03;1,620041e+01
3,000506e+03;1,291448e+01
3,002435e+03;9,018964e+00
3,004363e+03;1,053090e+01
3,006292e+03;1,552433e+01
3,008220e+03;1,799008e+01
3,010148e+03;2,560749e+01
3,012077e+03;3,237312e+01
3,014005e+03;3,413681e+01
3,015934e+03;2,441196e+01
3,017862e+03;2,090415e+01
3,019791e+03;1,963757e+01
3,021719e+03;1,166017e+01
3,023648e+03;9,876418e+00
3,025576e+03;9,203275e+00
3,027505e+03;7,044064e+00
3,029433e+03;1,593133e-01
3,031362e+03;-1,567862e-01
3,033290e+03;2,461539e+00
3,035219e+03;4,367496e+00
3,037147e+03;2,509021e+00
3,039075e+03;4,363730e+00
3,041004e+03;6,704245e+00
3,042932e+03;2,639874e+00
3,044861e+03;6,758042e+00
3,046789e+03;4,438910e+00
3,048718e+03;-5,148760e+00
3,050646e+03;2,094488e-01
3,052575e+03;-2,837687e+00
3,054503e+03;-4,150297e+00
3,056432e+03;4,137616e+00
3,058360e+03;6,968369e+00
3,060289e+03;4,559361e+00
3,062217e+03;1,293934e+00
3,064146e+03;2,912857e+00
3,066074e+03;2,341707e+00
3,068002e+03;6,373196e-01
3,069931e+03;-7,491041e-01
3,071859e+03;5,310422e-01
3,073788e+03;2,490911e+00
3,075716e+03;3,185772e+00
3,077645e+03;1,914288e+00
3,079573e+03;1,459726e+00
3,081502e+03;-8,582454e-01
3,083430e+03;-2,121975e+00
3,085359e+03;1,789374e+00
3,087287e+03;-3,258255e+00
3,089216e+03;-3,587871e+00
3,091144e+03;-7,923707e-01
3,093073e+03;-7,402091e+00
3,095001e+03;-6,268112e+00
3,096929e+03;-1,608850e-01
3,098858e+03;5,960347e+00
3,100786e+03;-8,384228e-01
3,102715e+03;-1,055110e+00
3,104643e+03;2,913226e+00
3,106572e+03;6,664121e+00
3,108500e+03;-2,315512e-01
3,110429e+03;1,439640e+00
3,112357e+03;4,350928e+00
3,114286e+03;-1,403244e+00
3,116214e+03;2,158069e+00
3,118143e+03;1,458895e+00
3,120071e+03;-1,892363e+00
3,122000e+03;-1,800425e-01
3,123928e+03;4,493415e+00
3,125856e+03;4,486151e+00
3,127785e+03;3,854226e-01
3,129713e+03;-8,371621e-01
3,131642e+03;-1,255915e+00
3,133570e+03;1,808474e+00
3,135499e+03;7,602340e+00
3,137427e+03;1,085235e+01
3,139356e+03;5,953530e+00
3,141284e+03;1,044373e+00
3,143213e+03;5,549881e-01
3,145141e+03;1,612555e+00
3,147070e+03;5,326942e+00
3,148998e+03;6,193094e+00
3,150927e+03;1,603791e+00
3,152855e+03;1,807004e+00
3,154783e+03;3,033264e+00
3,156712e+03;3,897749e+00
3,158640e+03;3,813367e+00
3,160569e+03;5,790203e-01
3,162497e+03;-1,031584e+00
3,164426e+03;6,342813e-02
3,166354e+03;4,202984e+00
3,168283e+03;5,515507e+00
3,170211e+03;-2,766103e-02
3,172140e+03;-5,159413e+00
3,174068e+03;-1,677920e-01
3,175997e+03;2,235706e+00
3,177925e+03;4,512989e+00
3,179854e+03;4,726360e+00
3,181782e+03;-5,304592e-01
3,183710e+03;-2,668879e+00
3,185639e+03;-3,138846e+00
3,187567e+03;-1,440768e+00
3,189496e+03;3,601100e+00
3,191424e+03;9,248285e-03
3,193353e+03;-1,659946e+00
3,195281e+03;-1,021462e+00
3,197210e+03;-2,868880e+00
3,199138e+03;-2,197638e+00
3,201067e+03;-1,015205e+00
3,202995e+03;-1,641183e+00
3,204924e+03;-6,111001e+00
3,206852e+03;8,791648e-01
3,208781e+03;1,201072e+00
3,210709e+03;-3,833408e+00
3,212637e+03;-3,613641e+00
3,214566e+03;-3,024400e+00
3,216494e+03;-2,352788e+00
3,218423e+03;-7,077923e-01
3,220351e+03;3,370281e+00
3,222280e+03;1,991523e+00
3,224208e+03;2,903647e+00
3,226137e+03;4,816119e+00
3,228065e+03;3,172015e+00
3,229994e+03;4,627818e+00
3,231922e+03;1,237421e+00
3,233851e+03;-3,165927e+00
3,235779e+03;-2,478142e+00
3,237708e+03;8,810651e+00
3,239636e+03;7,934417e+00
3,241564e+03;1,768116e+00
3,243493e+03;5,025867e-01
3,245421e+03;-2,404467e+00
3,247350e+03;-2,939276e+00
3,249278e+03;-1,820319e+00
3,251207e+03;-4,870481e-01
3,253135e+03;-1,102088e+00
3,255064e+03;-3,331321e+00
3,256992e+03;-3,871515e+00
3,258921e+03;-1,430338e+00
3,260849e+03;2,199734e+00
3,262778e+03;1,195641e+00
3,264706e+03;1,858952e+00
3,266635e+03;3,805242e+00
3,268563e+03;-3,314711e+00
3,270491e+03;1,577357e+00
3,272420e+03;4,550730e+00
3,274348e+03;2,061594e+00
3,276277e+03;-1,865371e+00
3,278205e+03;6,440002e-01
3,280134e+03;7,015974e-01
3,282062e+03;2,375403e+00
3,283991e+03;1,289231e+01
3,285919e+03;4,803504e+00
3,287848e+03;-8,091469e-01
3,289776e+03;-6,681969e-01
3,291705e+03;2,763205e+00
3,293633e+03;1,150469e+00
3,295562e+03;-1,992530e+00
3,297490e+03;-1,435729e+00
3,299418e+03;1,812492e+00
3,301347e+03;-6,223242e+00
3,303275e+03;-3,763609e+00
3,305204e+03;6,673645e-01
3,307132e+03;2,540501e+00
3,309061e+03;2,430199e+00
3,310989e+03;3,650601e+00
3,312918e+03;3,961743e+00
3,314846e+03;4,635262e+00
3,316775e+03;6,964603e+00
3,318703e+03;2,453244e+00
3,320632e+03;-3,430997e-01
3,322560e+03;1,558978e+00
3,324489e+03;6,712257e+00
3,326417e+03;6,664432e+00
3,328345e+03;9,138053e+00
3,330274e+03;7,788471e+00
3,332202e+03;3,577073e+00
3,334131e+03;3,100685e+00
3,336059e+03;7,774265e+00
3,337988e+03;4,328611e+00
3,339916e+03;8,730978e-01
3,341845e+03;6,069187e+00
3,343773e+03;5,138000e+00
3,345702e+03;1,108764e+00
3,347630e+03;-1,915530e+00
3,349559e+03;-1,705211e+00
3,351487e+03;3,284987e+00
3,353416e+03;4,002118e+00
3,355344e+03;5,610888e+00
3,357272e+03;5,336617e+00
3,359201e+03;-1,752014e+00
3,361129e+03;7,314879e-01
3,363058e+03;1,540323e+00
3,364986e+03;-2,041414e+00
3,366915e+03;-6,964868e+00
3,368843e+03;-2,785317e+00
3,370772e+03;9,529842e-01
3,372700e+03;3,872697e+00
3,374629e+03;5,319113e+00
3,376557e+03;4,242852e+00
3,378486e+03;-1,165761e+00
3,380414e+03;2,741063e+00
3,382343e+03;2,803439e+00
3,384271e+03;-3,510154e+00
3,386199e+03;2,241234e+00
3,388128e+03;-1,791326e+00
3,390056e+03;5,039017e-01
3,391985e+03;4,487676e+00
3,393913e+03;2,616369e-01
3,395842e+03;-1,206778e+00
3,397770e+03;-3,447908e-01
3,399699e+03;2,045417e+00
3,401627e+03;3,039594e+00
3,403556e+03;-3,208344e+00
3,405484e+03;3,935938e+00
3,407413e+03;3,707466e+00
3,409341e+03;3,269803e+00
3,411270e+03;9,164275e+00
3,413198e+03;1,139813e+00
3,415126e+03;5,117872e-01
3,417055e+03;-2,553202e+00
3,418983e+03;-5,153337e+00
3,420912e+03;2,420355e+00
3,422840e+03;3,683245e+00
3,424769e+03;3,302590e+00
3,426697e+03;-3,076811e-01
3,428626e+03;-5,092858e+00
3,430554e+03;-3,543008e+00
3,432483e+03;-7,530070e-01
3,434411e+03;2,067227e+00
3,436340e+03;2,260585e+00
3,438268e+03;-4,769225e-01
3,440197e+03;-3,755777e-01
3,442125e+03;3,946930e+00
3,444053e+03;4,689881e+00
3,445982e+03;1,928189e+00
3,447910e+03;-8,507736e-01
3,449839e+03;-3,075502e+00
3,451767e+03;-8,161715e+00
3,453696e+03;-5,209874e+00
3,455624e+03;5,154467e+00
3,457553e+03;1,346831e+01
3,459481e+03;4,294065e+00
3,461410e+03;2,373357e+00
3,463338e+03;4,987858e-01
3,465267e+03;-3,512252e+00
3,467195e+03;-1,888388e+00
3,469124e+03;-1,456491e+00
3,471052e+03;8,542292e+00
3,472980e+03;1,220926e+01
3,474909e+03;4,333722e+00
3,476837e+03;-1,020903e+00
3,478766e+03;-3,112766e+00
3,480694e+03;-3,098652e+00
